buyer_country,african_country,project_type,project_name,proponent,issued_credits,retired_credits,project_id,project_url
United States,DR Congo,REDD+,The Mai Ndombe REDD+ Project,Wildlife Works Carbon LLC,42534256.0,23293512.0,VCS934,https://registry.verra.org/app/projectDetail/VCS/934
Local/Unknown,Zimbabwe,REDD+,KARIBA REDD+ PROJECT,Carbon Green Investments (Guernsey),29016364.0,25706778.0,VCS902,https://registry.verra.org/app/projectDetail/VCS/902
United States,Kenya,REDD+,The Kasigau Corridor REDD Project - Phase II The Community Ranches,Wildlife Works Carbon LLC,17720553.0,8992884.0,VCS612,https://registry.verra.org/app/projectDetail/VCS/612
Multiple (mixed),Zambia,REDD+,Luangwa Community Forests Project,Multiple Proponents,12067488.0,11396399.0,VCS1775,https://registry.verra.org/app/projectDetail/VCS/1775
Local/Unknown,Ethiopia,REDD+,Bale Mountains Eco-region REDD+ project,Oromia Forest and Wildlife Enterprise,10595345.0,8143102.0,VCS1340,https://registry.verra.org/app/projectDetail/VCS/1340
Local/Unknown,Kenya,Grassland Management,Northern Kenya Grassland Carbon Project,Northern Rangelands Trust,6763174.0,1975548.0,VCS1468,https://registry.verra.org/app/projectDetail/VCS/1468
Local/Unknown,Kenya,REDD+,Chyulu Hills REDD+ Project,Chyulu Hills Conservation Trust,5172697.0,4820742.0,VCS1408,https://registry.verra.org/app/projectDetail/VCS/1408
European Union,Madagascar,REDD+,"Carbon Emissions Reduction Project in the Corridor Ankeniheny-Zahamena (CAZ) Protected Area, Madagascar","Govt. of Madagascar, Direction Generale des Forets",3915496.0,30290.0,VCS1311,https://registry.verra.org/app/projectDetail/VCS/1311
United Kingdom,Tanzania,REDD+,Ntakata Mountains REDD,Carbon Tanzania,3871700.0,3409460.0,VCS1897,https://registry.verra.org/app/projectDetail/VCS/1897
United States,Kenya,REDD+,The Kasigau Corridor REDD Project – Phase I Rukinga Sanctuary,Wildlife Works Carbon LLC,3818704.0,3522111.0,VCS562,https://registry.verra.org/app/projectDetail/VCS/562
Multiple (mixed),Malawi,REDD+,"Kulera Landscape REDD+ Program for Co-Managed Protected Areas, Malawi",Multiple Proponents,3325607.0,2993736.0,VCS1168,https://registry.verra.org/app/projectDetail/VCS/1168
Local/Unknown,Sierra Leone,REDD+,Gola REDD project,Gola Rainforest Conservation LG,2672520.0,2247435.0,VCS1201,https://registry.verra.org/app/projectDetail/VCS/1201
Local/Unknown,Zambia,REDD+,LOWER ZAMBEZI REDD+ PROJECT,BioCarbon Partners,2421395.0,2415731.0,VCS1202,https://registry.verra.org/app/projectDetail/VCS/1202
Local/Unknown,Madagascar,REDD+,The Makira Forest Protected Area in Madagascar,The Wildlife Conservation Society (WCS),1796963.0,626567.0,VCS1215,https://registry.verra.org/app/projectDetail/VCS/1215
Local/Unknown,Zambia,REDD+,COMACO Landscape Management Project,Community Markets for Conservation (COMACO),1638099.0,1093360.0,VCS1532,https://registry.verra.org/app/projectDetail/VCS/1532
Local/Unknown,DR Congo,REDD+,Isangi REDD+ Project,"SAFBOIS, SPRL",1391623.0,1291248.0,VCS1359,https://registry.verra.org/app/projectDetail/VCS/1359
United Kingdom,Uganda,Afforestation + Reforestation,Kikonda Forest Reserve ,Nile Fibreboard Ltd.,1354120.0,688211.0,GLD2990,https://registry.goldstandard.org/projects?q=gs2990
Local/Unknown,Central African Republic,REDD+,"CHINKO CONSERVATION AREA REDD+ PROJECT, CENTRAL AFRICAN REPUBLIC",African Parks RCA,1294618.0,105496.0,VCS2510,https://registry.verra.org/app/projectDetail/VCS/2510
United Kingdom,Tanzania,REDD+,Makame Savannah REDD,Carbon Tanzania,1239936.0,901185.0,VCS1900,https://registry.verra.org/app/projectDetail/VCS/1900
United Kingdom,Ghana,Afforestation + Reforestation,Reforestation of Degraded Forest Reserves in Ghana,Form Ghana Ltd,1138349.0,997777.0,VCS987,https://registry.verra.org/app/projectDetail/VCS/987
Local/Unknown,Uganda,Afforestation + Reforestation,Natural High Forest Rehabilitation Project on degraded land of Kibale National Park,PRIMAKLIMA e.V.,1092577.0,1054498.0,VCS673,https://registry.verra.org/app/projectDetail/VCS/673
Local/Unknown,Kenya,Afforestation + Reforestation,"TIST Program in Kenya, VCS 006",Clean Air Action Corporation,1001808.0,967961.0,VCS899,https://registry.verra.org/app/projectDetail/VCS/899
Local/Unknown,Kenya,Afforestation + Reforestation,"TIST Program in Kenya, VCS 005",Clean Air Action Corporation,997867.0,997728.0,VCS737,https://registry.verra.org/app/projectDetail/VCS/737
Local/Unknown,Cameroon,Improved Forest Management,Forest Conservation in Boumba-et-Ngoko,CarbonSinkGroup S.R.L.,846136.0,841605.0,VCS2897,https://registry.verra.org/app/projectDetail/VCS/2897
United Kingdom,South Africa,Grassland Management,"Soil carbon improvement Project through Grassland Management, in South Africa",WeAct Pty Ltd.,805971.0,28311.0,VCS2710,https://registry.verra.org/app/projectDetail/VCS/2710
United Kingdom,Tanzania,Afforestation + Reforestation,"Reforestation of degraded grasslands in Uchindile & Mapanda, Tanzania",Green Resources Tanzania Ltd (GRL),753975.0,696663.0,VCS142,https://registry.verra.org/app/projectDetail/VCS/142
Local/Unknown,DR Congo,Afforestation + Reforestation,EcoMakala Virunga Reforestation project ,CO2logic,663322.0,0.0,GLD5618,https://registry.goldstandard.org/projects?q=gs5618
Local/Unknown,Uganda,Afforestation + Reforestation,"TIST Program in Uganda, VCS 005",Clean Air Action Corporation,625885.0,623237.0,VCS993,https://registry.verra.org/app/projectDetail/VCS/993
France,Senegal,Wetland,Livelihoods' mangrove restoration grouped project in Senegal,Livelihoods Fund SICAV SIF,509816.0,385167.0,VCS1318,https://registry.verra.org/app/projectDetail/VCS/1318
Local/Unknown,Uganda,Afforestation + Reforestation,"TIST Program in Uganda, VCS-CCB 011",Clean Air Action Corporation,508539.0,308806.0,VCS2497,https://registry.verra.org/app/projectDetail/VCS/2497
Local/Unknown,Sierra Leone,Afforestation + Reforestation,Reforestation of Degraded Lands in Sierra Leone,Miro Forestry Developments Limited,482771.0,465370.0,VCS2401,https://registry.verra.org/app/projectDetail/VCS/2401
Local/Unknown,Cote d'Ivoire,REDD+,Cote d'Ivoire Tai National Park Area Emission Reductions Program,"DIRECTION GENERALE DES FINANCEMENTS, MINISTERE DE L'ECONOMIE, DES FINANCES ET DU BUDGET, RCI",429590.0,279590.0,ART130,https://art.apx.com/mymodule/reg/prjView.asp?id1=130
Local/Unknown,Ghana,Afforestation + Reforestation,"REFORESTATION OF DEGRADED FOREST RESERVE AREAS IN GHANA, WEST AFRICA",Miro Forestry Developments Limited,399740.0,394149.0,VCS2410,https://registry.verra.org/app/projectDetail/VCS/2410
United Kingdom,Uganda,Afforestation + Reforestation,Bukaleba Forest Project,Busoga Forestry Co. Ltd (Subsidiary Green Resources),351909.0,193540.0,VCS799,https://registry.verra.org/app/projectDetail/VCS/799
European Union,Kenya,Sustainable Agriculture,Kenya Agricultural Carbon Project,Vi Agroforestry Programme,325825.0,195129.0,VCS1225,https://registry.verra.org/app/projectDetail/VCS/1225
India,Uganda,Afforestation + Reforestation,OYU - Reforesting Uganda for a better tomorrow,OYU Green Private Limited,304207.0,0.0,VCS4888,https://registry.verra.org/app/projectDetail/VCS/4888
Local/Unknown,Guinea-Bissau,REDD+,COMMUNITY BASED AVOIDED DEFORESTATION PROJECT IN GUINEA-BISSAU - REDD,BioGuinea Foundation,302043.0,141566.0,VCS2324,https://registry.verra.org/app/projectDetail/VCS/2324
Local/Unknown,Kenya,Afforestation + Reforestation,"TIST Program in Kenya, VCS 009",Clean Air Action Corporation,299772.0,299772.0,VCS996,https://registry.verra.org/app/projectDetail/VCS/996
Local/Unknown,Benin,REDD+,Pendjari and W-Benin National Parks REDD+ Project,African Parks Benin (A Branch of African Parks Network),290700.0,0.0,VCS2538,https://registry.verra.org/app/projectDetail/VCS/2538
Australia,Ethiopia,Afforestation + Reforestation,Sodo Ethiopia ,World Vision Australia,274137.0,156390.0,GLD3007,https://registry.goldstandard.org/projects?q=gs3007
Multiple (mixed),South Africa,Sustainable Agriculture,Grassland Restoration and Stewardship in South Africa (GRASS),Multiple Proponents,266254.0,26074.0,VCS2931,https://registry.verra.org/app/projectDetail/VCS/2931
Local/Unknown,Uganda,Afforestation + Reforestation,"TIST Program in Uganda, VCS 001",Clean Air Action Corporation,245014.0,244505.0,VCS824,https://registry.verra.org/app/projectDetail/VCS/824
Australia,Ethiopia,Afforestation + Reforestation,Humbo Ethiopia Assisted Natural Regeneration Project ,World Vision Australia,240371.0,226799.0,GLD10220,https://registry.goldstandard.org/projects?q=gs10220
Local/Unknown,Uganda,Afforestation + Reforestation,"TIST Program in Uganda, VCS 006",Clean Air Action Corporation,168442.0,155897.0,VCS995,https://registry.verra.org/app/projectDetail/VCS/995
United Kingdom,South Africa,Sustainable Agriculture,Orizon CarbonCrop Rewards Programme,Orizon Agriculture (Pty) Ltd,160159.0,11530.0,VCS3368,https://registry.verra.org/app/projectDetail/VCS/3368
Local/Unknown,Uganda,Afforestation + Reforestation,"TIST Program in Uganda, VCS-CCB 010",Clean Air Action Corporation,155813.0,126400.0,VCS2339,https://registry.verra.org/app/projectDetail/VCS/2339
Local/Unknown,Uganda,Afforestation + Reforestation,"TIST Program in Uganda, VCS 002",Clean Air Action Corporation,95277.0,95277.0,VCS825,https://registry.verra.org/app/projectDetail/VCS/825
United States,Kenya,Afforestation + Reforestation,Komaza Smallholder Farmer Forestry Kenya,Komaza Group Inc.,83335.0,8433.0,VCS2623,https://registry.verra.org/app/projectDetail/VCS/2623
Local/Unknown,Uganda,Afforestation + Reforestation,"TIST Program in Uganda, VCS 003",Clean Air Action Corporation,80538.0,80538.0,VCS827,https://registry.verra.org/app/projectDetail/VCS/827
Local/Unknown,Kenya,Afforestation + Reforestation,"TIST Program in Kenya, VCS 003",Clean Air Action Corporation,68288.0,68288.0,VCS596,https://registry.verra.org/app/projectDetail/VCS/596
Local/Unknown,Kenya,Afforestation + Reforestation,"TIST Program in Kenya, VCS 001",Clean Air Action Corporation,61903.0,61853.0,VCS594,https://registry.verra.org/app/projectDetail/VCS/594
Local/Unknown,Kenya,Sustainable Agriculture,Western Kenya Soil Carbon Project,Soil-Carbon Certification Services,57955.0,73.0,VCS3669,https://registry.verra.org/app/projectDetail/VCS/3669
France,Kenya,Sustainable Agriculture,Livelihoods Mount Elgon Project,Livelihoods Fund SICAV SIF,50284.0,6628.0,VCS1944,https://registry.verra.org/app/projectDetail/VCS/1944
France,Kenya,Sustainable Agriculture,Sustainable Agroforestry Based Dairy Value Chain in Mount Elgon Kenya,Livelihoods Fund SICAV SIF,49065.0,6467.0,GLD6588,https://registry.goldstandard.org/projects?q=gs6588
European Union,South Africa,Sustainable Agriculture,CNG AgriCarbon Rewards Programme,Anthesis B.V.,39206.0,39206.0,VCS2554,https://registry.verra.org/app/projectDetail/VCS/2554
Local/Unknown,Niger,Afforestation + Reforestation,Niger Acacia Senegal Plantation Project - CER Conversion,Converted from other GHG program,38769.0,34169.0,VCS2965,https://registry.verra.org/app/projectDetail/VCS/2965
Local/Unknown,Kenya,Afforestation + Reforestation,"TIST Program in Kenya, VCS 002",Clean Air Action Corporation,37247.0,37247.0,VCS595,https://registry.verra.org/app/projectDetail/VCS/595
European Union,Tanzania,REDD+,Village Climate Solutions,Village Climate Solutions Limited,36171.0,25375.0,VCS1325,https://registry.verra.org/app/projectDetail/VCS/1325
Local/Unknown,Kenya,Afforestation + Reforestation,"TIST Program in Kenya, VCS 004",Clean Air Action Corporation,30575.0,30575.0,VCS597,https://registry.verra.org/app/projectDetail/VCS/597
Local/Unknown,Uganda,Afforestation + Reforestation,"TIST Program in Uganda, VCS 004",Clean Air Action Corporation,25819.0,25819.0,VCS826,https://registry.verra.org/app/projectDetail/VCS/826
Local/Unknown,Kenya,Afforestation + Reforestation,"TIST Program in Kenya, VCS-CCB 010",Clean Air Action Corporation,22104.0,21443.0,VCS2338,https://registry.verra.org/app/projectDetail/VCS/2338
United Kingdom,Ghana,Afforestation + Reforestation,JOil Jatropha plantation in Ghana ,JOIL (S) Pte. Ltd.,18752.0,8001.0,GLD11154,https://registry.goldstandard.org/projects?q=gs11154
Local/Unknown,Togo,Afforestation + Reforestation,PROJECT TOGO,Unknown Project Developer,16867.0,5179.0,GLD3951,https://registry.goldstandard.org/projects?q=gs3951
Multiple (mixed),Ghana,Afforestation + Reforestation,Kwamisa/Other reserves community Forest Project,Multiple Proponents,12418.0,6480.0,VCS3425,https://registry.verra.org/app/projectDetail/VCS/3425
European Union,Mozambique,Afforestation + Reforestation,"Revegetation with fruit trees in North Manica Province, Mozambique",Agrimoz S.a r.l.,10826.0,8568.0,VCS2085,https://registry.verra.org/app/projectDetail/VCS/2085
Local/Unknown,Uganda,Afforestation + Reforestation,Agroforestry and reforestation with small-scale farmers in Uganda,The PURE PROJECT SAS,4692.0,0.0,VCS2471,https://registry.verra.org/app/projectDetail/VCS/2471
Local/Unknown,Egypt,Afforestation + Reforestation,SEKEM tree project ,SEKEM for Land Reclamation (SLR),1905.0,1520.0,GLD4894,https://registry.goldstandard.org/projects?q=gs4894
Local/Unknown,Senegal,Afforestation + Reforestation,Jatropha Agroforestry Senegal,African National Oil Corporation s.a.r.l.,480.0,480.0,VCS1071,https://registry.verra.org/app/projectDetail/VCS/1071
Multiple (mixed),Uganda,Afforestation + Reforestation,Kijani Forestry smallholder farmer forestry project,Multiple Proponents,259.0,0.0,VCS4475,https://registry.verra.org/app/projectDetail/VCS/4475
Unknown,DR Congo,REDD+,"Makanza Peatland Conservation Project, Democratic Republic of Congo",Congo Nature Tourbières (CNT),0.0,0.0,VCS6008,https://registry.verra.org/app/projectDetail/VCS/6008
Unknown,DR Congo,REDD+,"Ebuta Peatland Conservation Project, Democratic Republic of Congo",Congo Nature Tourbières (CNT),0.0,0.0,VCS6004,https://registry.verra.org/app/projectDetail/VCS/6004
Multiple (mixed),Kenya,Sustainable Agriculture,KENYA HIGHLANDS GROUPED CARBON PROJECT,Multiple Proponents,0.0,0.0,VCS5957,https://registry.verra.org/app/projectDetail/VCS/5957
Multiple (mixed),Senegal,Afforestation + Reforestation,Nganda Lifetree Agroforestry and Reforestation Project,Multiple Proponents,0.0,0.0,VCS5942,https://registry.verra.org/app/projectDetail/VCS/5942
Unknown,Kenya,Sustainable Agriculture,Agricentric Carbon Initiative,Regenarative Carbon Alliance Ltd,0.0,0.0,VCS5929,https://registry.verra.org/app/projectDetail/VCS/5929
United States,Guinea,REDD+,Lamantin - Community-based mangrove conservation and restoration in Guinea,Blue Coast Carbon,0.0,0.0,VCS5922,https://registry.verra.org/app/projectDetail/VCS/5922
United States,Guinea,REDD+,Balbuzard - Community-based mangrove conservation and restoration in Guinea,Blue Coast Carbon,0.0,0.0,VCS5923,https://registry.verra.org/app/projectDetail/VCS/5923
Multiple (mixed),Sierra Leone,Afforestation + Reforestation,Sierra Leone PRIDO ARR-Agroforestry Program,Multiple Proponents,0.0,0.0,VCS5877,https://registry.verra.org/app/projectDetail/VCS/5877
United States,Rwanda,Afforestation + Reforestation,Tubura Forest Landscape Restoration Program,One Acre Fund,0.0,0.0,VCS5862,https://registry.verra.org/app/projectDetail/VCS/5862
United States,Malawi,Afforestation + Reforestation,One Acre Fund Munda Otsogola Program,One Acre Fund,0.0,0.0,VCS5863,https://registry.verra.org/app/projectDetail/VCS/5863
United States,Cameroon,Afforestation + Reforestation,Increasing Carbon Stocks through the Reforestation of the Communal Forests of Ndélélé and Bétaré-Oya,Terraformation Inc.,0.0,0.0,VCS5858,https://registry.verra.org/app/projectDetail/VCS/5858
United Kingdom,Guinea,Afforestation + Reforestation,Project Duiker | Forest Ecosystem Restoration in Eastern Guinea,Rainforest Builder Ltd.,0.0,0.0,VCS5853,https://registry.verra.org/app/projectDetail/VCS/5853
Local/Unknown,Senegal,Afforestation + Reforestation,Forêts d'Avenir,Lignaverda (Driven by Ondernemers Zonder Grenzen),0.0,0.0,VCS5823,https://registry.verra.org/app/projectDetail/VCS/5823
France,Togo,Afforestation + Reforestation,Avé Ga Grouped Project,Reforest'Action,0.0,0.0,VCS5818,https://registry.verra.org/app/projectDetail/VCS/5818
United Kingdom,South Africa,Afforestation + Reforestation,Return to Thicket Restoration Project,Return to Thicket (Pty) Ltd.,0.0,0.0,VCS5808,https://registry.verra.org/app/projectDetail/VCS/5808
Australia,Tanzania,Afforestation + Reforestation,Tausi Tanzania,New Forests Company Holdings I Limited,0.0,0.0,VCS5806,https://registry.verra.org/app/projectDetail/VCS/5806
Multiple (mixed),Tanzania,Afforestation + Reforestation,Suledo Community ARR Project (Mradi wa jamii wa Suledo wa Hewa kaboni),Multiple Proponents,0.0,0.0,VCS5802,https://registry.verra.org/app/projectDetail/VCS/5802
Local/Unknown,Sierra Leone,Sustainable Agriculture,Improved Agricultural Land Management in Sierra Leone,Teralytic,0.0,0.0,VCS5803,https://registry.verra.org/app/projectDetail/VCS/5803
European Union,Togo,Afforestation + Reforestation,Togo Green Renaissance With Farmers and Schools,Reboisement et exploitation des forets SARL,0.0,0.0,VCS5792,https://registry.verra.org/app/projectDetail/VCS/5792
United States,Zambia,Afforestation + Reforestation,The Ecopreneur Movement – Miombo Woodland Restoration Project,Community Climate Solutions,0.0,0.0,VCS5779,https://registry.verra.org/app/projectDetail/VCS/5779
China,Gabon,REDD+,Grande Sun Gabon Ogooué-Ivindo REDD+ Project,"Hainan Grande Sun Carbon Energy Technology Co.,LTD",0.0,0.0,VCS5763,https://registry.verra.org/app/projectDetail/VCS/5763
Netherlands,Tanzania,Afforestation + Reforestation,Acorn - Kaderes Smallholder Agroforestry in Tanzania,Acorn B.V.,0.0,0.0,VCS5760,https://registry.verra.org/app/projectDetail/VCS/5760
Local/Unknown,Egypt,Afforestation + Reforestation,Go Green Jojoba Afforestation Project,Egyptian Carbon Center (ECC),0.0,0.0,VCS5758,https://registry.verra.org/app/projectDetail/VCS/5758
European Union,Madagascar,Afforestation + Reforestation,SATROKALA ARR GROUPED PROJECT,JTF Madagascar Sarl,0.0,0.0,VCS5755,https://registry.verra.org/app/projectDetail/VCS/5755
Local/Unknown,Malawi,Afforestation + Reforestation,MoRe Malawi ARR Project,Mamaland Company,0.0,0.0,VCS5730,https://registry.verra.org/app/projectDetail/VCS/5730
Local/Unknown,Malawi,REDD+,MoRe Malawi REDD Project,Mamaland Company,0.0,0.0,VCS5732,https://registry.verra.org/app/projectDetail/VCS/5732
United States,Zambia,Afforestation + Reforestation,Zambia Smallholder Carbon-Linked Agroforestry Project,One Acre Fund Limited.,0.0,0.0,VCS5726,https://registry.verra.org/app/projectDetail/VCS/5726
Local/Unknown,Ghana,Sustainable Agriculture,"Improved Agricultural Land Management for Verified Carbon Emission Reduction and Removal in Wa West and Daffiama-Bussie-Issah (DBI) Districts, Ghana",Eco-Bliss Climate Limited,0.0,0.0,VCS5725,https://registry.verra.org/app/projectDetail/VCS/5725
United Kingdom,Ghana,Sustainable Agriculture,NADOWLI-KALEO CLIMATE-SMART AGRICULTURE CARBON PROJECT,Axam Resources ltd,0.0,0.0,VCS5705,https://registry.verra.org/app/projectDetail/VCS/5705
Local/Unknown,South Africa,Sustainable Agriculture,Karoo Sustainable Landscapes Program (KSLP),Sayari Earth Limited,0.0,0.0,VCS5689,https://registry.verra.org/app/projectDetail/VCS/5689
European Union,Tanzania,REDD+,Igombe REDD+ Project,EcoNetix GmbH,0.0,0.0,VCS5679,https://registry.verra.org/app/projectDetail/VCS/5679
Local/Unknown,Kenya,Afforestation + Reforestation,MISITU ARR PROJECT - MT. KENYA REGION,AKILI HOLDINGS LIMITED,0.0,0.0,VCS5676,https://registry.verra.org/app/projectDetail/VCS/5676
Local/Unknown,DR Congo,REDD+,Lisala REDD+ Project,Taranis Operations Limited,0.0,0.0,VCS5671,https://registry.verra.org/app/projectDetail/VCS/5671
Local/Unknown,DR Congo,REDD+,Lukolela REDD+ Project,Taranis Operations Limited,0.0,0.0,VCS5672,https://registry.verra.org/app/projectDetail/VCS/5672
Local/Unknown,Kenya,Afforestation + Reforestation,Tukuze,ETG Climate Solutions SA,0.0,0.0,VCS5660,https://registry.verra.org/app/projectDetail/VCS/5660
United Kingdom,Zambia,REDD+,Lumwana REDD+ Project,Lumwana Mining Company Ltd.,0.0,0.0,VCS5655,https://registry.verra.org/app/projectDetail/VCS/5655
India,South Africa,Sustainable Agriculture,Carbon Smart Farming Initiative,OYU Green Private Limited,0.0,0.0,VCS5651,https://registry.verra.org/app/projectDetail/VCS/5651
India,Uganda,Afforestation + Reforestation,Oyu – Green Growth Uganda,OYU Green Private Limited,0.0,0.0,VCS5643,https://registry.verra.org/app/projectDetail/VCS/5643
Local/Unknown,Malawi,Afforestation + Reforestation,Regenerative Agriculture and Forestry Technologies (RAFT),Bridge Carbon NBS Private Limited,0.0,0.0,VCS5615,https://registry.verra.org/app/projectDetail/VCS/5615
Local/Unknown,Nigeria,Sustainable Agriculture,TOURBA PROJECT – IMPROVED AGRICULTURE PRACTICES IN NIGERIA,Tourba Carbon Farming Nigeria Limited,0.0,0.0,VCS5568,https://registry.verra.org/app/projectDetail/VCS/5568
Local/Unknown,Central African Republic,Afforestation + Reforestation,"Pama project, Central African Republic",FRM COMMITMENT,0.0,0.0,VCS5523,https://registry.verra.org/app/projectDetail/VCS/5523
United States,Ethiopia,Sustainable Agriculture,AfriScout Regenerative Grazing Project,AfriScout LLC,0.0,0.0,VCS5517,https://registry.verra.org/app/projectDetail/VCS/5517
United States,Uganda,Afforestation + Reforestation,Lake Victoria Watershed Agroforestry Carbon Project II,Trees for the Future Inc.,0.0,0.0,VCS5483,https://registry.verra.org/app/projectDetail/VCS/5483
India,Kenya,Sustainable Agriculture,Kenya Climate Smart Agriculture Program,OYU Green Private Limited,0.0,0.0,VCS5451,https://registry.verra.org/app/projectDetail/VCS/5451
United Kingdom,Ghana,Afforestation + Reforestation,Kwahu Landscape Restoration Project,AJA CLIMATE SOLUTIONS PTE. LTD.,0.0,0.0,VCS5432,https://registry.verra.org/app/projectDetail/VCS/5432
United States,Ghana,Afforestation + Reforestation,Project Colobus | Forest Ecosystem Restoration In Eastern Ghana,RAINFOREST COLOBUS LTD.,0.0,0.0,VCS5433,https://registry.verra.org/app/projectDetail/VCS/5433
Multiple (mixed),Guinea,REDD+,Community-Based Mangrove Conservation and Restoration in Guinea,Multiple Proponents,0.0,0.0,VCS5427,https://registry.verra.org/app/projectDetail/VCS/5427
United Kingdom,Ghana,Afforestation + Reforestation,Atebubu and Wiase Forest Landscape Restoration Project,iNovaLand Investment Ltd,0.0,0.0,VCS5404,https://registry.verra.org/app/projectDetail/VCS/5404
Local/Unknown,Liberia,REDD+,Wonegizi REDD+ Pilot Project,Fauna & Flora International,0.0,0.0,VCS5396,https://registry.verra.org/app/projectDetail/VCS/5396
Local/Unknown,Tanzania,Afforestation + Reforestation,One Acre Fund Tanzania Agroforestry Program,One Acre Tanzania Limited,0.0,0.0,VCS5384,https://registry.verra.org/app/projectDetail/VCS/5384
Local/Unknown,Egypt,Wetland,Conservation and Restoration of Mangroves in the Coastal Blue Carbon Ecosystem of Egypt,Environment Without Borders Foundation (EWBF),0.0,0.0,VCS5365,https://registry.verra.org/app/projectDetail/VCS/5365
United Kingdom,Sierra Leone,Afforestation + Reforestation,PROJECT BUFFALO | WESTERN GUINEAN LOWLAND FOREST ECOSYSTEM RESTORATION,Rainforest Builder Ltd.,0.0,0.0,VCS5351,https://registry.verra.org/app/projectDetail/VCS/5351
United States,South Africa,Afforestation + Reforestation,THE SOUTPANSBERG RESTORATION AND CONSERVATION,Few & Far LLC,0.0,0.0,VCS5345,https://registry.verra.org/app/projectDetail/VCS/5345
Local/Unknown,Nigeria,Afforestation + Reforestation,Gashaka Gumti Forest Carbon Project,Africa Nature Investors (ANI) Foundation,0.0,0.0,VCS5308,https://registry.verra.org/app/projectDetail/VCS/5308
Local/Unknown,Tanzania,Afforestation + Reforestation,The Rubeho Mountains Carbon Project,Compassionate Carbon TZ,0.0,0.0,VCS5282,https://registry.verra.org/app/projectDetail/VCS/5282
Local/Unknown,Malawi,Sustainable Agriculture,Agricultural Land Management in Malawi,Teralytic,0.0,0.0,VCS5276,https://registry.verra.org/app/projectDetail/VCS/5276
United Kingdom,Zambia,REDD+,Zambruss REDD+ Project,Zambruss Enterprises Ltd,0.0,0.0,VCS5271,https://registry.verra.org/app/projectDetail/VCS/5271
Multiple (mixed),Nigeria,Wetland,Carbon Mosaic Conservation and Restoration of Mangroves in Delta State,Multiple Proponents,0.0,0.0,VCS5224,https://registry.verra.org/app/projectDetail/VCS/5224
European Union,Djibouti,Wetland,Djibouti Mangrove Restoration Program,Sovereign Carbon Agency,0.0,0.0,VCS5192,https://registry.verra.org/app/projectDetail/VCS/5192
Multiple (mixed),Ethiopia,Afforestation + Reforestation,CATALYZING COMMUNITY RESILIENCE  THROUGH CARBON FINANCE IN  ETHIOPIAN AFROMONTANE FORESTS,Multiple Proponents,0.0,0.0,VCS5191,https://registry.verra.org/app/projectDetail/VCS/5191
United Kingdom,Zambia,REDD+,Lavushimanda Community Conservation Project,WeForest Zambia Ltd,0.0,0.0,VCS5177,https://registry.verra.org/app/projectDetail/VCS/5177
United Kingdom,Ghana,Afforestation + Reforestation,Project Akwaaba | Forest Ecosystem Restoration in Ghana,Rainforest Builder Ltd.,0.0,0.0,VCS5172,https://registry.verra.org/app/projectDetail/VCS/5172
Local/Unknown,Madagascar,Afforestation + Reforestation,Fagnako: Agroforestry project in Madagascar,Canopy Energies,0.0,0.0,VCS5160,https://registry.verra.org/app/projectDetail/VCS/5160
Multiple (mixed),Zambia,REDD+,Kafue Zambezi Community Forest Project,Multiple Proponents,0.0,0.0,VCS5153,https://registry.verra.org/app/projectDetail/VCS/5153
Local/Unknown,Senegal,Afforestation + Reforestation,Tamba 20000,Hommes et Terre Global,0.0,0.0,VCS5148,https://registry.verra.org/app/projectDetail/VCS/5148
Local/Unknown,Cote d'Ivoire,Afforestation + Reforestation,N’zi–Mafa Forest Restoration Project,hummingbirds,0.0,0.0,VCS5145,https://registry.verra.org/app/projectDetail/VCS/5145
United Kingdom,Kenya,Afforestation + Reforestation,KUZA MITI AGROFORESTRY CARBON PROJECT IN KENYA,One Carbon World Ltd.,0.0,0.0,VCS5142,https://registry.verra.org/app/projectDetail/VCS/5142
United Kingdom,DR Congo,Afforestation + Reforestation,Grand Katanga Reforestation Project,Carbon Ventures Africa Ltd.,0.0,0.0,VCS5137,https://registry.verra.org/app/projectDetail/VCS/5137
Local/Unknown,Namibia,Grassland Management,"Regeneration of the Kunene Highlands Elephant Landscape, Namibia",CC Nature Limited,0.0,0.0,VCS5128,https://registry.verra.org/app/projectDetail/VCS/5128
Local/Unknown,Madagascar,Afforestation + Reforestation,TERAKA MADAGASCAR: SMALLHOLDER TREE PLANTING PROGRAM,ITERAKA,0.0,0.0,VCS5107,https://registry.verra.org/app/projectDetail/VCS/5107
Local/Unknown,Uganda,Afforestation + Reforestation,Mount Kei Reforestation Project,Equatoria Forestry Company,0.0,0.0,VCS5090,https://registry.verra.org/app/projectDetail/VCS/5090
Local/Unknown,Burkina Faso,Afforestation + Reforestation,Tond Tenga,Tree Aid,0.0,0.0,VCS5085,https://registry.verra.org/app/projectDetail/VCS/5085
Local/Unknown,Ethiopia,Afforestation + Reforestation,ETHIOPIA AGROFORESTRY PROJECT ON SMALL-SCALE COFFEE PARCELS,The PURE PROJECT SAS,0.0,0.0,VCS5054,https://registry.verra.org/app/projectDetail/VCS/5054
European Union,Rwanda,Sustainable Agriculture,East Africa Soil and Biodiversity improvement project,eAgronom Africa OÜ,0.0,0.0,VCS5042,https://registry.verra.org/app/projectDetail/VCS/5042
Multiple (mixed),Nigeria,REDD+,Nigeria Community-based Forestry Project,Multiple Proponents,0.0,0.0,VCS5038,https://registry.verra.org/app/projectDetail/VCS/5038
United Kingdom,South Africa,Afforestation + Reforestation,SPEKBOOM RESTORATION PROJECT BEKA EMVA IGWANISHE - ISIXHOSA,Imperative South Africa Projects Pty Ltd,0.0,0.0,VCS5027,https://registry.verra.org/app/projectDetail/VCS/5027
Multiple (mixed),Kenya,Grassland Management,Entooma Sidai: A Maasai Mara Rangeland Restoration and Conservation Project,Multiple Proponents,0.0,0.0,VCS4994,https://registry.verra.org/app/projectDetail/VCS/4994
Local/Unknown,Zambia,REDD+,COMACO South Landscape Management Project,Community Markets for Conservation (COMACO),0.0,0.0,VCS4987,https://registry.verra.org/app/projectDetail/VCS/4987
Local/Unknown,DR Congo,REDD+,Nkuba REDD+ Project,Dian Fossey Gorilla Fund,0.0,0.0,VCS4968,https://registry.verra.org/app/projectDetail/VCS/4968
Local/Unknown,Mozambique,REDD+,Yambone REDD+ Project,Carbonsink Moçambique Lda (CSG Mozambique),0.0,0.0,VCS4966,https://registry.verra.org/app/projectDetail/VCS/4966
United Kingdom,Ghana,Afforestation + Reforestation,Ghana Wli Agorviefe Afforestation Project,Infused SeedBall Ltd.,0.0,0.0,VCS4946,https://registry.verra.org/app/projectDetail/VCS/4946
Multiple (mixed),Morocco,Afforestation + Reforestation,TAFILALET AGROFORESTRY SYSTEM  MOROCCO,Multiple Proponents,0.0,0.0,VCS4935,https://registry.verra.org/app/projectDetail/VCS/4935
Local/Unknown,Tanzania,Grassland Management,Longido and Monduli Rangelands Carbon Project,Soils for the Future Tanzania,0.0,0.0,VCS4924,https://registry.verra.org/app/projectDetail/VCS/4924
Local/Unknown,Zambia,Grassland Management,Mafisa Livestock Grazing Carbon Project,ZayoHub Zambia,0.0,0.0,VCS4915,https://registry.verra.org/app/projectDetail/VCS/4915
Local/Unknown,Cameroon,Afforestation + Reforestation,Project to Restore Degraded Lands by Planting Forest and Fruit Trees in Northern Cameroon,S2 Services,0.0,0.0,VCS4913,https://registry.verra.org/app/projectDetail/VCS/4913
India,Kenya,Afforestation + Reforestation,OYU - Reforesting Kenya for a better tomorrow,OYU Green Private Limited,0.0,0.0,VCS4898,https://registry.verra.org/app/projectDetail/VCS/4898
Multiple (mixed),Uganda,Afforestation + Reforestation,Sustainable Wood by NFB,Multiple Proponents,0.0,0.0,VCS4899,https://registry.verra.org/app/projectDetail/VCS/4899
Multiple (mixed),Uganda,Afforestation + Reforestation,OYU - Tenera Plantations by BIDCO,Multiple Proponents,0.0,0.0,VCS4900,https://registry.verra.org/app/projectDetail/VCS/4900
European Union,Uganda,Afforestation + Reforestation,NATURAL FOREST REGENERATION FOR ENHANCED CARBON STOCKS IN THE ALBERTINE RIFT (FRECAR),World Wide Fund for Nature Denmark / Verdensnaturfonden,0.0,0.0,VCS4889,https://registry.verra.org/app/projectDetail/VCS/4889
United States,Ghana,Wetland,Regenerative Development of Anlo Wetlands Project,Terraformation Inc.,0.0,0.0,VCS4890,https://registry.verra.org/app/projectDetail/VCS/4890
Multiple (mixed),Malawi,Afforestation + Reforestation,Smallholder Reforestation in Malawi,Multiple Proponents,0.0,0.0,VCS4891,https://registry.verra.org/app/projectDetail/VCS/4891
Multiple (mixed),Uganda,Afforestation + Reforestation,Uganda Native Reforestation and Agroforestry Project,Multiple Proponents,0.0,0.0,VCS4882,https://registry.verra.org/app/projectDetail/VCS/4882
Multiple (mixed),Cameroon,Afforestation + Reforestation,Agroforestry Project of Cameroon,Multiple Proponents,0.0,0.0,VCS4883,https://registry.verra.org/app/projectDetail/VCS/4883
Local/Unknown,Tanzania,Afforestation + Reforestation,"TIST Program in Tanzania, VCS-CCB-011",Clean Air Action Corporation,0.0,0.0,VCS4881,https://registry.verra.org/app/projectDetail/VCS/4881
Multiple (mixed),Guinea,Afforestation + Reforestation,Yiri,Multiple Proponents,0.0,0.0,VCS4870,https://registry.verra.org/app/projectDetail/VCS/4870
Local/Unknown,DR Congo,Afforestation + Reforestation,The Nkuba REDD+ Project,Dian Fossey Gorilla Fund,0.0,0.0,VCS4858,https://registry.verra.org/app/projectDetail/VCS/4858
Local/Unknown,Madagascar,Wetland,ALA HONKO BLUE CARBON MADAGASCAR,UNIMA SA.,0.0,0.0,VCS4856,https://registry.verra.org/app/projectDetail/VCS/4856
Local/Unknown,Cameroon,Wetland,Cameroon Mangrove Ecosystem Restoration & Resilience (CAMERR),Planete Urgence,0.0,0.0,VCS4845,https://registry.verra.org/app/projectDetail/VCS/4845
United Kingdom,Tanzania,REDD+,Ruvuma Wilderness Project,Carbon Tanzania,0.0,0.0,VCS4838,https://registry.verra.org/app/projectDetail/VCS/4838
Local/Unknown,Burkina Faso,Sustainable Agriculture,BURKINA FASO AGRICULTURAL CARBON PROJECT (BUFACAP),SECRETARIAT PERMANENT REDD+,0.0,0.0,VCS4807,https://registry.verra.org/app/projectDetail/VCS/4807
Local/Unknown,DR Congo,Improved Forest Management,"BAULU PROJECT, DEMOCRATIC REPUBLIC OF CONGO",FRM COMMITMENT,0.0,0.0,VCS4798,https://registry.verra.org/app/projectDetail/VCS/4798
United States,Malawi,Sustainable Agriculture,Regenerative Agriculture and Forestry Technologies (RAFT) 1,C-Quest Capital SG Africa Holdings Private Limited,0.0,0.0,VCS4789,https://registry.verra.org/app/projectDetail/VCS/4789
Local/Unknown,Tanzania,Grassland Management,ENJIPAI COMMUNITY RANGELAND CARBON PROJECT,Enjipai Carbon Limited,0.0,0.0,VCS4742,https://registry.verra.org/app/projectDetail/VCS/4742
United Kingdom,Kenya,Grassland Management,Kajiado Rangelands Carbon Project,Soils for the Future Africa Ltd,0.0,0.0,VCS4714,https://registry.verra.org/app/projectDetail/VCS/4714
United States,DR Congo,Afforestation + Reforestation,Permaculture initiative through community participation,ALLCOT A.G.,0.0,0.0,VCS4712,https://registry.verra.org/app/projectDetail/VCS/4712
United Kingdom,South Africa,Afforestation + Reforestation,Hive Ecosystems project,HIVE ECOSYSTEMS (PTY) LTD,0.0,0.0,VCS4698,https://registry.verra.org/app/projectDetail/VCS/4698
Local/Unknown,South Africa,Afforestation + Reforestation,Baviaanskloof Carbon Project,Baviaanskloof Bewarea NPC,0.0,0.0,VCS4699,https://registry.verra.org/app/projectDetail/VCS/4699
United States,Botswana,Grassland Management,"SOIL CARBON MANAGEMENT FOR IMPROVED GRASSLAND: LIMPOPO-LIPADI, BOTSWANA",Carbon Credit Capital LLC.,0.0,0.0,VCS4670,https://registry.verra.org/app/projectDetail/VCS/4670
Local/Unknown,Kenya,Grassland Management,One Mara Carbon Project,OMCP MARA CARBON LIMITED,0.0,0.0,VCS4659,https://registry.verra.org/app/projectDetail/VCS/4659
Local/Unknown,Sierra Leone,Wetland,Scarcies Mangrove Rewilding Project,Forest and Mangrove Protection Limited,0.0,0.0,VCS4644,https://registry.verra.org/app/projectDetail/VCS/4644
Local/Unknown,Kenya,Afforestation + Reforestation,"TIST Program in Kenya, VCS-011",Clean Air Action Corporation,0.0,0.0,VCS4646,https://registry.verra.org/app/projectDetail/VCS/4646
Multiple (mixed),Comoros,REDD+,REDD+ Mwali Project,Multiple Proponents,0.0,0.0,VCS4623,https://registry.verra.org/app/projectDetail/VCS/4623
Local/Unknown,DR Congo,Afforestation + Reforestation,"Kwango River Project, Democratic Republic of Congo",FRM Commitment,0.0,0.0,VCS4617,https://registry.verra.org/app/projectDetail/VCS/4617
United States,Senegal,Wetland,ALLCOT BLUE CARBON MANGROVE PROJECT IN SENEGAL (ABC  Mangrove Senegal),Allcot Limited,0.0,0.0,VCS4563,https://registry.verra.org/app/projectDetail/VCS/4563
Local/Unknown,Gabon,Afforestation + Reforestation,Leconi Agroforestry Project in Haut-Ogooue (LAPHO),AERA Group,0.0,0.0,VCS4543,https://registry.verra.org/app/projectDetail/VCS/4543
Multiple (mixed),Sierra Leone,Wetland,Community-Based Mangrove Conservation and Restoration in Sierra Leone,Multiple Proponents,0.0,0.0,VCS4539,https://registry.verra.org/app/projectDetail/VCS/4539
France,Rwanda,Afforestation + Reforestation,Agroforestry For Livelihoods,Livelihoods Fund SICAV SIF,0.0,0.0,VCS4488,https://registry.verra.org/app/projectDetail/VCS/4488
Local/Unknown,Kenya,Afforestation + Reforestation,Restore Africa: Restoring trees and livelihoods in Kenya,Global Evergreening Alliance,0.0,0.0,VCS4481,https://registry.verra.org/app/projectDetail/VCS/4481
Local/Unknown,Cote d'Ivoire,Afforestation + Reforestation,Karidja forest restoration project,aDryada,0.0,0.0,VCS4473,https://registry.verra.org/app/projectDetail/VCS/4473
United States,Kenya,Sustainable Agriculture,Lake Victoria Watershed Agroforestry Carbon Project,Trees for the Future Inc.,0.0,0.0,VCS4408,https://registry.verra.org/app/projectDetail/VCS/4408
United Kingdom,Nigeria,Afforestation + Reforestation,Jaji ARR Project,Pioneer Sustainable Agriculture Ltd.,0.0,0.0,VCS4384,https://registry.verra.org/app/projectDetail/VCS/4384
Multiple (mixed),Uganda,Sustainable Agriculture,Sustainable Agricultural Improvement Practices in Uganda,Multiple Proponents,0.0,0.0,VCS4371,https://registry.verra.org/app/projectDetail/VCS/4371
United Kingdom,DR Congo,REDD+,DR Congo Mangrove Blue Carbon Project,ClimeTrek Ltd,0.0,0.0,VCS4372,https://registry.verra.org/app/projectDetail/VCS/4372
Multiple (mixed),Kenya,Sustainable Agriculture,Makueni Agroforestry Carbon Project,Multiple Proponents,0.0,0.0,VCS4325,https://registry.verra.org/app/projectDetail/VCS/4325
Multiple (mixed),Cote d'Ivoire,REDD+,Conservation and Restoration of Classified Forests in Côte d’Ivoire,Multiple Proponents,0.0,0.0,VCS4329,https://registry.verra.org/app/projectDetail/VCS/4329
United Kingdom,South Africa,Afforestation + Reforestation,CSA Carbon,C-SA Properties (Pty) Ltd,0.0,0.0,VCS4319,https://registry.verra.org/app/projectDetail/VCS/4319
Local/Unknown,Zambia,REDD+,COMACO Landscape Management Project-South,Community Markets for Conservation (COMACO),0.0,0.0,VCS4299,https://registry.verra.org/app/projectDetail/VCS/4299
Local/Unknown,Morocco,Sustainable Agriculture,PROJECT TOURBA - ADOPTION OF IMPROVED AGRICULTURAL PRACTICES TOWARDS CARBON FARMING IN MOROCCO,InnovX,0.0,0.0,VCS4300,https://registry.verra.org/app/projectDetail/VCS/4300
Local/Unknown,Botswana,REDD+,Kalahari Grasslands Project,Gazelle Ecosolutions,0.0,0.0,VCS4266,https://registry.verra.org/app/projectDetail/VCS/4266
Local/Unknown,Sierra Leone,Afforestation + Reforestation,Rewilding Maforki,Rewilding Maforki Limited,0.0,0.0,VCS4255,https://registry.verra.org/app/projectDetail/VCS/4255
Multiple (mixed),Cameroon,Afforestation + Reforestation,Regenerative Agroforestry Project Cameroon,Multiple Proponents,0.0,0.0,VCS4176,https://registry.verra.org/app/projectDetail/VCS/4176
United States,Malawi,Afforestation + Reforestation,Bamboo Afforestation in Malawi,C-Quest Capital SG Africa Holdings Private Limited,0.0,0.0,VCS4155,https://registry.verra.org/app/projectDetail/VCS/4155
Local/Unknown,Uganda,Afforestation + Reforestation,1MTN Uganda Bamboo Planting Project,1MTN Nation UG OU,0.0,0.0,VCS4123,https://registry.verra.org/app/projectDetail/VCS/4123
Multiple (mixed),Ghana,Afforestation + Reforestation,Community Restoration of Native Ecosystems in Ghana,Multiple Proponents,0.0,0.0,VCS4126,https://registry.verra.org/app/projectDetail/VCS/4126
France,Rwanda,Afforestation + Reforestation,Agroforestry For Livelihoods Project,Livelihoods Fund SICAV SIF,0.0,0.0,VCS3998,https://registry.verra.org/app/projectDetail/VCS/3998
European Union,Senegal,Wetland,Community-based Mangrove Restoration Initiative – Lep Lep,Vlinder Austria GmbH,0.0,0.0,VCS3885,https://registry.verra.org/app/projectDetail/VCS/3885
Local/Unknown,Central African Republic,Afforestation + Reforestation,BOUTILI AFFORESTATION & AGROFORESTRY PROJECT,CENTRAFOREST,0.0,0.0,VCS3815,https://registry.verra.org/app/projectDetail/VCS/3815
Local/Unknown,Zimbabwe,REDD+,Chirisa REDD+ Project,Carbon Green Investments Guernsey Limited,0.0,0.0,VCS3811,https://registry.verra.org/app/projectDetail/VCS/3811
Local/Unknown,Kenya,Sustainable Agriculture,Boomitra Carbon Farming in East Africa through Soil Enrichment,Boomitra Inc,0.0,0.0,VCS3774,https://registry.verra.org/app/projectDetail/VCS/3774
Local/Unknown,DR Congo,REDD+,DRC REDD+ Carbon Credit Harvesting Project,R.E.D.D. Carbon Credit Harvesting L.P,0.0,0.0,VCS3711,https://registry.verra.org/app/projectDetail/VCS/3711
European Union,Kenya,Wetland,Papariko - Restoration of Degraded Mangrove Areas in Kenya,Vlinder Austria GmbH,0.0,0.0,VCS3660,https://registry.verra.org/app/projectDetail/VCS/3660
United States,South Africa,Afforestation + Reforestation,"Eastern Cape Bamboo Forestry Project, South Africa","EcoPlanet Bamboo Group, LLC",0.0,0.0,VCS3632,https://registry.verra.org/app/projectDetail/VCS/3632
Local/Unknown,South Africa,Sustainable Agriculture,Cultivating Carbon Regenerative Agriculture Project,Cultivating Carbon Proprietary Limited,0.0,0.0,VCS3633,https://registry.verra.org/app/projectDetail/VCS/3633
United States,South Africa,Afforestation + Reforestation,"Eastern Cape Restoration Project, South Africa - Makhanda","EcoPlanet Bamboo Group, LLC",0.0,0.0,VCS3627,https://registry.verra.org/app/projectDetail/VCS/3627
United States,South Africa,Afforestation + Reforestation,"Eastern Cape Restoration Project, South Africa - Somerset East","EcoPlanet Bamboo Group, LLC",0.0,0.0,VCS3628,https://registry.verra.org/app/projectDetail/VCS/3628
Local/Unknown,Tanzania,Afforestation + Reforestation,Udzungwa Corridor Reforestation,Udzungwa Corridor Limited,0.0,0.0,VCS3602,https://registry.verra.org/app/projectDetail/VCS/3602
Multiple (mixed),Mali,Afforestation + Reforestation,"Bougouni-Yanfolila Forest Project, Mali",Multiple Proponents,0.0,0.0,VCS3593,https://registry.verra.org/app/projectDetail/VCS/3593
Multiple (mixed),DR Congo,REDD+,Kokolopori Bonobo Peace Forest Grouped REDD Project,Multiple Proponents,0.0,0.0,VCS3575,https://registry.verra.org/app/projectDetail/VCS/3575
Multiple (mixed),DR Congo,REDD+,Tshopo Lomami Grouped REDD Project,Multiple Proponents,0.0,0.0,VCS3589,https://registry.verra.org/app/projectDetail/VCS/3589
Multiple (mixed),DR Congo,REDD+,Sankuru Peace Forest Grouped REDD Project,Multiple Proponents,0.0,0.0,VCS3592,https://registry.verra.org/app/projectDetail/VCS/3592
Multiple (mixed),Zambia,REDD+,ITABU REDD+ PROJECT IN ZAMBIA,Multiple Proponents,0.0,0.0,VCS3453,https://registry.verra.org/app/projectDetail/VCS/3453
United Kingdom,South Africa,Sustainable Agriculture,Portland: Regenerative Agriculture & native revegetation on degraded land,Holmstone Pty. (Ltd.),0.0,0.0,VCS3427,https://registry.verra.org/app/projectDetail/VCS/3427
Local/Unknown,Ethiopia,Afforestation + Reforestation,Restoration and Conservation of Dry Afromontane Forest in the Highlands of Eastern Tigray,WeForest,0.0,0.0,VCS3429,https://registry.verra.org/app/projectDetail/VCS/3429
Local/Unknown,Togo,Afforestation + Reforestation,PlanTogo,Sequoia Plantation Togo,0.0,0.0,VCS3396,https://registry.verra.org/app/projectDetail/VCS/3396
Local/Unknown,South Africa,Grassland Management,Kruger to Canyons Rangeland Restoration Project,Conservation South Africa,0.0,0.0,VCS3397,https://registry.verra.org/app/projectDetail/VCS/3397
Local/Unknown,South Africa,Sustainable Agriculture,CNG AgriCarbon Rewards Programme 2,Climate Neutral Group.,0.0,0.0,VCS3394,https://registry.verra.org/app/projectDetail/VCS/3394
Local/Unknown,Kenya,Sustainable Agriculture,Boomitra Grassland Restoration in East Africa Through Soil Enrichment,Boomitra Inc,0.0,0.0,VCS3340,https://registry.verra.org/app/projectDetail/VCS/3340
Multiple (mixed),Kenya,Afforestation + Reforestation,Mount Kenya Regenerative Agroforestry Project,Multiple Proponents,0.0,0.0,VCS3321,https://registry.verra.org/app/projectDetail/VCS/3321
Multiple (mixed),Gambia,REDD+,CONSERVATION AND RESTORATION OF THE MANGROVE ECOSYSTEM IN THE GAMBIA THROUGH THE REDD+ MECHANISM,Multiple Proponents,0.0,0.0,VCS3223,https://registry.verra.org/app/projectDetail/VCS/3223
European Union,Nigeria,Wetland,NIGER DELTA MANGROVE PROJECT,everi GmbH,0.0,0.0,VCS3155,https://registry.verra.org/app/projectDetail/VCS/3155
Local/Unknown,Mozambique,Wetland,MOZBLUE: BUILDING AFRICA’S LARGEST MANGROVE RESTORATION PROJECT,Blue Forest Mozambique LDA,0.0,0.0,VCS3142,https://registry.verra.org/app/projectDetail/VCS/3142
United States,Rwanda,Afforestation + Reforestation,Rwanda Riparian Restoration Project,"EcoPlanet Bamboo Group, LLC",0.0,0.0,VCS3072,https://registry.verra.org/app/projectDetail/VCS/3072
United States,Ghana,Afforestation + Reforestation,"North Bandai Bamboo Reforestation Project, Ghana","EcoPlanet Bamboo Group, LLC",0.0,0.0,VCS2928,https://registry.verra.org/app/projectDetail/VCS/2928
United States,Ghana,Afforestation + Reforestation,"Bandai Hills Bamboo Reforestation Project, Ghana","EcoPlanet Bamboo Group, LLC",0.0,0.0,VCS2929,https://registry.verra.org/app/projectDetail/VCS/2929
Australia,Uganda,Improved Forest Management,The NFC Uganda Carbon Landscapes Project,New Forests Company Holdings I Limited,0.0,0.0,VCS2881,https://registry.verra.org/app/projectDetail/VCS/2881
European Union,Zambia,REDD+,Integrated REDD+ Project in Zambia,Kanaka Management Services Private Limited,0.0,0.0,VCS2857,https://registry.verra.org/app/projectDetail/VCS/2857
Local/Unknown,Senegal,Wetland,"Mangrove Restoration Project with Sine Saloum and Casamance communities, Senegal",WeForest,0.0,0.0,VCS2834,https://registry.verra.org/app/projectDetail/VCS/2834
Local/Unknown,Zambia,Afforestation + Reforestation,Tombwe Smallholder Reforestation Project,Tombwe Processing Limited,0.0,0.0,VCS2619,https://registry.verra.org/app/projectDetail/VCS/2619
Local/Unknown,Zambia,REDD+,COMACO Landscape Management Project - West,Community Markets for Conservation (COMACO),0.0,0.0,VCS2618,https://registry.verra.org/app/projectDetail/VCS/2618
Local/Unknown,Mozambique,Sustainable Agriculture,Agri-SMART: Sustaining a resilient and inclusive development in Zambezia,Carbon Sink Group s.r.l.,0.0,0.0,VCS2485,https://registry.verra.org/app/projectDetail/VCS/2485
United States,Senegal,REDD+,SENEGAL AND WEST AFRICA MANGROVE PROGRAMME (SWAMP),ALLCOT A.G.,0.0,0.0,VCS2406,https://registry.verra.org/app/projectDetail/VCS/2406
United States,Senegal,REDD+,Niokolo Koba REDD+ Project,ALLCOT A.G.,0.0,0.0,VCS2407,https://registry.verra.org/app/projectDetail/VCS/2407
Local/Unknown,Niger,Afforestation + Reforestation,Niger Acacia Senegal Plantation Project,Achats Service International,0.0,0.0,VCS2382,https://registry.verra.org/app/projectDetail/VCS/2382
United Kingdom,Kenya,REDD+,CONSERVATION OF MIOMBOS IN TARU  KENYA REDD+,Swiss carbon Value Ltd.,0.0,0.0,VCS2363,https://registry.verra.org/app/projectDetail/VCS/2363
United Kingdom,DR Congo,REDD+,National REDD+ Project in the Democratic Republic of Congo,Kanaka Management Services Pvt. Ltd,0.0,0.0,VCS2320,https://registry.verra.org/app/projectDetail/VCS/2320
Local/Unknown,South Africa,Afforestation + Reforestation,Renencom Afforestation/Reforestation Grouped Project,Renencom,0.0,0.0,VCS1339,https://registry.verra.org/app/projectDetail/VCS/1339
Multiple (mixed),Mali,Afforestation + Reforestation,Jatropha Curcas grouped project in Mali,Multiple Proponents,0.0,0.0,VCS829,https://registry.verra.org/app/projectDetail/VCS/829
Local/Unknown,Madagascar,Afforestation + Reforestation,Reforestation of deforested land in Madagascar,EcoFormation,0.0,0.0,VCS1327,https://registry.verra.org/app/projectDetail/VCS/1327
Multiple (mixed),Senegal,Wetland,The Haidar EL ALI Mangrove Initiative (HEAMI),Multiple Proponents,0.0,0.0,VCS1760,https://registry.verra.org/app/projectDetail/VCS/1760
Local/Unknown,Madagascar,REDD+,Beampingaratsy REDD Project,BNC REDD+,0.0,0.0,VCS1743,https://registry.verra.org/app/projectDetail/VCS/1743
Multiple (mixed),South Africa,Afforestation + Reforestation,Peri-urban bamboo planting around South African townships,Multiple Proponents,0.0,0.0,VCS721,https://registry.verra.org/app/projectDetail/VCS/721
Local/Unknown,Malawi,Afforestation + Reforestation,Fuelling a greener future for farmers in Malawi through the use of Jatropha curcas,Bio Energy Resources Limited (BERL),0.0,0.0,VCS898,https://registry.verra.org/app/projectDetail/VCS/898
European Union,Mozambique,REDD+,Gilé National Reserve REDD Project,National Mozambican Public Agency for Parks and Reserves Conservation (ANAC),0.0,0.0,VCS1674,https://registry.verra.org/app/projectDetail/VCS/1674
Local/Unknown,Zambia,REDD+,Musokotwane REDD+ Project,Zambruss Enterprises,0.0,0.0,VCS1672,https://registry.verra.org/app/projectDetail/VCS/1672
United Kingdom,South Africa,Afforestation + Reforestation,Kuzuko Lodge Private Game Reserve thicket restoration project,Spekboom Trading (Pty) Ltd,0.0,0.0,VCS1343,https://registry.verra.org/app/projectDetail/VCS/1343
European Union,Madagascar,REDD+,"Carbon Emissions Reduction Project in the Forest Corridor Ambositra-Vondrozo (COFAV), Madagascar","Govt. of Madagascar, Direction Generale des Forets",0.0,0.0,VCS1047,https://registry.verra.org/app/projectDetail/VCS/1047
Multiple (mixed),Tanzania,REDD+,HIMA (Hifadhi ya Misitu ya Asili ya jamii) REDD+ Program,Multiple Proponents,0.0,0.0,VCS1381,https://registry.verra.org/app/projectDetail/VCS/1381
Local/Unknown,Ethiopia,Afforestation + Reforestation,"East African Afforestation, Reforestation and Revegetation Program",Horn of Africa Regional Environment Center and Network (HoA-REC&N),0.0,0.0,VCS1443,https://registry.verra.org/app/projectDetail/VCS/1443
Local/Unknown,South Africa,Afforestation + Reforestation,Tree Planting in South African townships,Food and Trees for Africa (FTFA),0.0,0.0,VCS720,https://registry.verra.org/app/projectDetail/VCS/720
Local/Unknown,Madagascar,REDD+,failed,MER,0.0,0.0,VCS2177,https://registry.verra.org/app/projectDetail/VCS/2177
Local/Unknown,Burkina Faso,REDD+,Burkina Faso REDD+ Program,Permanent Secretariat for REDD+,0.0,0.0,ART121,https://art.apx.com/mymodule/reg/prjView.asp?id1=121
Local/Unknown,DR Congo,REDD+,DRC Province of Tshuapa,"Ministry of Environment, Sustainable Development and the New Climate Economy DRC",0.0,0.0,ART112,https://art.apx.com/mymodule/reg/prjView.asp?id1=112
Local/Unknown,Ethiopia,REDD+,Ethiopia,Ethiopian Forestry Development,0.0,0.0,ART116,https://art.apx.com/mymodule/reg/prjView.asp?id1=116
Local/Unknown,Gabon,REDD+,Gabon,Conseil National Climat (CNC - National Climate Council),0.0,0.0,ART114,https://art.apx.com/mymodule/reg/prjView.asp?id1=114
Local/Unknown,Ghana,REDD+,Ghana,Forestry Commission of Ghana,0.0,0.0,ART106,https://art.apx.com/mymodule/reg/prjView.asp?id1=106
Local/Unknown,Uganda,REDD+,Uganda,Ministry of Water and Environment,0.0,0.0,ART118,https://art.apx.com/mymodule/reg/prjView.asp?id1=118
Local/Unknown,DR Congo,Afforestation + Reforestation,Miombo Renewal,Carbon Ventures Africa,0.0,0.0,ISOGG0F,https://to.isometric.com/prj_1K9A90ZPH1S0ZJ9S
Local/Unknown,Ethiopia,Afforestation + Reforestation,Duguna Fango and Damot Weyde Assisted Farmer Managed Natural Regeneration for Sustainable Land Management and Livelihood Improvement Project,World Vision Korea,0.0,0.0,GLD23253,https://registry.goldstandard.org/projects?q=gs23253
Local/Unknown,Uganda,Afforestation + Reforestation,Restore Africa: Restoring Landscapes and Livelihoods in Eastern Uganda ,Global Evergreening Alliance,0.0,0.0,GLD13099,https://registry.goldstandard.org/projects?q=gs13099
Local/Unknown,Benin,Afforestation + Reforestation,GS23192 VPA-2 Building Climate Resilience through Afforestation Reforestation & Agroforestry Benin,ERDA ILLUMINE LOW CARBON SOLUTIONS PRIVATE LIMITED,0.0,0.0,GLD23196,https://registry.goldstandard.org/projects?q=gs23196
Local/Unknown,Benin,Afforestation + Reforestation,PoA Sustainable Landscapes and Forests Initiatives,ERDA ILLUMINE LOW CARBON SOLUTIONS PRIVATE LIMITED,0.0,0.0,GLD23192,https://registry.goldstandard.org/projects?q=gs23192
European Union,Ethiopia,Afforestation + Reforestation,Sustainable Forestry in Gambella Ethiopia,EcoNetix GmbH,0.0,0.0,GLD13001,https://registry.goldstandard.org/projects?q=gs13001
Local/Unknown,DR Congo,Afforestation + Reforestation,Idiofa Lobi,CO2logic,0.0,0.0,GLD12447,https://registry.goldstandard.org/projects?q=gs12447
United Kingdom,South Africa,Afforestation + Reforestation,New Beginnings Afforestation project ,INITIIS NOVIS (PTY) LTD T/A New Beginnings,0.0,0.0,GLD12938,https://registry.goldstandard.org/projects?q=gs12938
United Kingdom,South Africa,Afforestation + Reforestation,New Beginnings,INITIIS NOVIS (PTY) LTD T/A New Beginnings,0.0,0.0,GLD12614,https://registry.goldstandard.org/projects?q=gs12614
Switzerland,Guinea,Afforestation + Reforestation,ArboRise Participative Reforestation in  Upper Guinea,South Pole Ltd,0.0,0.0,GLD12203,https://registry.goldstandard.org/projects?q=gs12203
European Union,Uganda,Afforestation + Reforestation,Bulindi Agroforestry and Chimpanzee  Conservation Project,DutchGreen Project Management B.V.,0.0,0.0,GLD12226,https://registry.goldstandard.org/projects?q=gs12226
Local/Unknown,Ghana,Afforestation + Reforestation,Sankofa plantation in Ghana by Alliances for Action,GS Delta Orphan Account,0.0,0.0,GLD11569,https://registry.goldstandard.org/projects?q=gs11569
Local/Unknown,DR Congo,Afforestation + Reforestation,N'situ pelende by Colruyt group,Colruyt group NV,0.0,0.0,GLD12214,https://registry.goldstandard.org/projects?q=gs12214
European Union,South Africa,Afforestation + Reforestation,TERRAGRN – Land Regeneration through Agroforestry in Mpumalanga South Africa - VPA 01,TERRAGRN PRIVATE LIMITED,0.0,0.0,GLD12095,https://registry.goldstandard.org/projects?q=gs12095
European Union,South Africa,Afforestation + Reforestation,TERRAGRN – Land Regeneration through Agroforestry in Mpumalanga South Africa,TERRAGRN PRIVATE LIMITED,0.0,0.0,GLD12094,https://registry.goldstandard.org/projects?q=gs12094
Local/Unknown,Ethiopia,Afforestation + Reforestation,Small scale community-based afforestation program in Ethiopia – Konea,Stiftung Menschen für Menschen,0.0,0.0,GLD11856,https://registry.goldstandard.org/projects?q=gs11856
Local/Unknown,Ethiopia,Afforestation + Reforestation,Small scale community-based afforestation program in Ethiopia,Deactivated Projects,0.0,0.0,GLD11798,https://registry.goldstandard.org/projects?q=gs11798
Local/Unknown,Mali,Afforestation + Reforestation,ZANBAL ,Zanbal,0.0,0.0,GLD4731,https://registry.goldstandard.org/projects?q=gs4731
Switzerland,Kenya,Afforestation + Reforestation,Lake Naivasha Basin Reforestation Project,South Pole Ltd SCV,0.0,0.0,GLD6504,https://registry.goldstandard.org/projects?q=gs6504
