source_country,target_country,project_count,total_issued_credits,total_retired_credits,project_types
Local/Unknown,Kenya,165,54059831.0,24690193.0,Afforestation + Reforestation; Biochar; Biomass; Clean Water; Cookstove; Electric Vehicle; Energy Efficiency; Geothermal; Grassland Management; Lighting; Manure Biodigester; Methane Biodigester; REDD+; Recycling; Solar Water Heater; Sustainable Agriculture; Unknown; Waste Diversion; Wind
United States,DR Congo,4,42534256.0,23293512.0,Afforestation + Reforestation; Clean Water; REDD+
Local/Unknown,Zimbabwe,10,33215285.0,27945122.0,Cookstove; Energy Efficiency; Lighting; REDD+; Renewable Energy
Local/Unknown,Uganda,143,28261111.0,18730131.0,Afforestation + Reforestation; Clean Water; Cookstove; Energy Efficiency; Hydropower; Methane Biodigester; REDD+; Unknown; Waste Diversion
United States,Kenya,39,23147527.0,13401358.0,Afforestation + Reforestation; Clean Water; Compost; Cookstove; Manure Biodigester; Methane Biodigester; REDD+; Sustainable Agriculture; Unknown
United Kingdom,South Africa,80,14839318.0,13168207.0,Afforestation + Reforestation; Biomass; Centralized Solar; Clean Water; Compost; Cookstove; Distributed Solar; Energy Efficiency; Grassland Management; Landfill; Lighting; Mine Methane; Ozone Depleting Substances; Recycling; Sustainable Agriculture; Unknown
Local/Unknown,Ghana,39,14618510.0,9219273.0,Afforestation + Reforestation; Biochar; Clean Water; Cookstove; REDD+; Sustainable Agriculture; Unknown
Multiple (mixed),Zambia,7,13799605.0,11940504.0,Cookstove; REDD+; Unknown
Local/Unknown,Malawi,81,12413591.0,5986567.0,Afforestation + Reforestation; Centralized Solar; Clean Water; Cookstove; Energy Efficiency; Lighting; REDD+; Sustainable Agriculture; Unknown; Wastewater Methane
Local/Unknown,Nigeria,89,11300802.0,5710199.0,Afforestation + Reforestation; Clean Water; Cookstove; Distributed Solar; Electric Vehicle; Energy Efficiency; Sustainable Agriculture; Unknown
Local/Unknown,Ethiopia,39,11174895.0,8503147.0,Afforestation + Reforestation; Clean Water; Cookstove; Lighting; REDD+; Unknown
Local/Unknown,Zambia,43,9510392.0,4749022.0,Afforestation + Reforestation; Clean Water; Cookstove; Energy Efficiency; Grassland Management; Lighting; REDD+; Renewable Energy; Unknown
Multiple (mixed),Rwanda,2,8552433.0,3248954.0,Cookstove
United Kingdom,Rwanda,65,8207382.0,2078677.0,Borehole; Clean Water; Cookstove; Energy Efficiency; Hydropower; Methane Biodigester; Unknown
United Kingdom,Tanzania,15,6125602.0,5202182.0,Afforestation + Reforestation; Clean Water; Cookstove; Energy Efficiency; REDD+; Unknown
Local/Unknown,Madagascar,54,6015032.0,3830739.0,Afforestation + Reforestation; Borehole; Centralized Solar; Clean Water; Compost; Cookstove; Distributed Solar; Hydropower; Lighting; REDD+; Unknown; Wetland
Local/Unknown,Cote d'Ivoire,11,5607636.0,755390.0,Afforestation + Reforestation; Centralized Solar; Cookstove; Hydropower; REDD+; Unknown
Multiple (mixed),Malawi,5,5268112.0,3409100.0,Afforestation + Reforestation; Cookstove; REDD+
Multiple (mixed),South Africa,17,5033375.0,2171122.0,Afforestation + Reforestation; Biomass; Centralized Solar; N\u2082O Destruction (Nitric Acid); Renewable Energy; Sustainable Agriculture; Unknown; Wind
Local/Unknown,Burundi,12,4761112.0,1637593.0,Cookstove
European Union,Madagascar,8,4302290.0,303208.0,Afforestation + Reforestation; Centralized Solar; Distributed Solar; Hydropower; REDD+; Renewable Energy; Unknown
Local/Unknown,DR Congo,39,4267106.0,1652058.0,Afforestation + Reforestation; Cookstove; Hydropower; Improved Forest Management; REDD+; Unknown
United Kingdom,Uganda,71,4174957.0,2426987.0,Afforestation + Reforestation; Borehole; Clean Water; Cookstove; Hydropower; Unknown
Local/Unknown,South Africa,61,3884101.0,3879652.0,Afforestation + Reforestation; Biochar; Biomass; Centralized Solar; Cookstove; Distributed Solar; Grassland Management; Landfill; Lighting; Mass Transit; N\u2082O Destruction (Nitric Acid); Ozone Depleting Substances; Sustainable Agriculture; Unknown; Waste Gas Recovery
Local/Unknown,Egypt,13,3410566.0,199086.0,Afforestation + Reforestation; Biomass; Centralized Solar; Recycling; Waste Heat Recovery; Wetland; Wind
United Kingdom,Mozambique,31,3223550.0,2280675.0,Borehole; Centralized Solar; Clean Water; Cookstove
Local/Unknown,Sierra Leone,8,3155291.0,2712805.0,Afforestation + Reforestation; Cookstove; REDD+; Sustainable Agriculture; Unknown; Wetland
United Kingdom,Madagascar,72,3147415.0,64582.0,Biochar; Clean Water; Cookstove; Unknown
Local/Unknown,Somalia,3,2902132.0,1487223.0,Cookstove
European Union,Rwanda,106,2643908.0,1321279.0,Borehole; Clean Water; Cookstove; Energy Efficiency; Sustainable Agriculture; Unknown
France,Kenya,6,2617183.0,1614983.0,Cookstove; Sustainable Agriculture
United Kingdom,Eritrea,44,2526653.0,1772410.0,Borehole; Clean Water; Cookstove
Local/Unknown,Tanzania,60,2483983.0,854010.0,Afforestation + Reforestation; Biochar; Clean Water; Cookstove; Distributed Solar; Grassland Management; Landfill; Lighting; Methane Biodigester; Unknown; Waste Diversion
United Kingdom,Kenya,92,2462674.0,1717985.0,Afforestation + Reforestation; Borehole; Clean Water; Cookstove; Energy Efficiency; Grassland Management; Improved Irrigation Management; Methane Biodigester; REDD+; Unknown
Local/Unknown,Senegal,20,2316732.0,1044864.0,Afforestation + Reforestation; Borehole; Centralized Solar; Cookstove; Electric Vehicle; Unknown; Wetland; Wind
United Kingdom,Malawi,54,2225559.0,1659994.0,Borehole; Clean Water; Cookstove; Energy Efficiency; Lighting; Unknown
Local/Unknown,Rwanda,41,1942469.0,1265296.0,Borehole; Centralized Solar; Clean Water; Cookstove; Distributed Solar; Energy Efficiency; Lighting; Unknown
United Kingdom,Nigeria,19,1855673.0,428570.0,Afforestation + Reforestation; Clean Water; Cookstove; Unknown
United Kingdom,Zambia,24,1623672.0,448032.0,Clean Water; Cookstove; Distributed Solar; REDD+
United Kingdom,Sierra Leone,23,1547830.0,180766.0,Afforestation + Reforestation; Borehole; Clean Water; Cookstove
European Union,Egypt,5,1458443.0,382840.0,Centralized Solar; Wind
United Kingdom,Mali,4,1408799.0,1303593.0,Cookstove
Local/Unknown,Burkina Faso,80,1388055.0,666229.0,Afforestation + Reforestation; Centralized Solar; Cookstove; Distributed Solar; REDD+; Sustainable Agriculture
China,Kenya,2,1371752.0,191842.0,Clean Water; Cookstove
Local/Unknown,Central African Republic,3,1294618.0,105496.0,Afforestation + Reforestation; REDD+
Local/Unknown,Morocco,12,1247350.0,440173.0,Centralized Solar; Landfill; Sustainable Agriculture; Wind
United Kingdom,Ghana,19,1157101.0,1005778.0,Afforestation + Reforestation; Cookstove; Sustainable Agriculture; Unknown
Switzerland,Kenya,16,1136375.0,797910.0,Afforestation + Reforestation; Clean Water; Cookstove; Lighting; Unknown
United States,Uganda,29,1026321.0,614559.0,Afforestation + Reforestation; Clean Water; Cookstove; Methane Biodigester; Unknown
Local/Unknown,Mauritania,2,953204.0,727105.0,Centralized Solar; Wind
Local/Unknown,Cameroon,10,941865.0,904526.0,Afforestation + Reforestation; Compost; Cookstove; Hydropower; Improved Forest Management; Unknown; Wetland
United Kingdom,Gambia,9,896511.0,296453.0,Clean Water; Cookstove
Local/Unknown,Mozambique,60,871611.0,273050.0,Clean Water; Cookstove; Energy Efficiency; REDD+; Sustainable Agriculture; Unknown; Wetland
Australia,Ethiopia,8,820613.0,565552.0,Afforestation + Reforestation; Cookstove; Unknown
United Kingdom,Ethiopia,28,661871.0,464728.0,Borehole; Clean Water; Cookstove; Lighting; Unknown
United Kingdom,Mauritius,4,633808.0,370657.0,Centralized Solar; Landfill
European Union,Kenya,15,610744.0,216097.0,Clean Water; Cookstove; Energy Efficiency; Methane Biodigester; Sustainable Agriculture; Wetland
United Kingdom,Zimbabwe,20,594828.0,544790.0,Borehole; Clean Water; Cookstove; Energy Efficiency; Lighting
United Kingdom,Togo,25,589608.0,13671.0,Borehole; Clean Water; Cookstove; Unknown
France,Senegal,2,509816.0,385167.0,Cookstove; Wetland
United Kingdom,Benin,1,500903.0,0.0,Clean Water
European Union,Uganda,34,467761.0,122357.0,Afforestation + Reforestation; Clean Water; Cookstove; Energy Efficiency; Unknown
India,Uganda,5,434754.0,0.0,Afforestation + Reforestation; Cookstove; Unknown
Local/Unknown,Benin,16,389924.0,64331.0,Afforestation + Reforestation; Centralized Solar; Cookstove; REDD+; Unknown
European Union,Nigeria,14,383934.0,33784.0,Cookstove; Distributed Solar; Unknown; Wetland
European Union,Ethiopia,8,371278.0,0.0,Afforestation + Reforestation; Cookstove; Distributed Solar; Energy Efficiency; Unknown
Local/Unknown,Sudan,2,329887.0,304869.0,Cookstove
Local/Unknown,Togo,7,327697.0,56097.0,Afforestation + Reforestation; Bicycle; Compost; Cookstove
Local/Unknown,Guinea-Bissau,2,302043.0,141566.0,REDD+; Unknown
Local/Unknown,Mali,7,282513.0,0.0,Afforestation + Reforestation; Clean Water; Cookstove; Methane Biodigester; Unknown
Switzerland,Uganda,3,281642.0,239041.0,Cookstove; Lighting
United Kingdom,Namibia,2,279368.0,159244.0,Centralized Solar; Wind
European Union,Lesotho,2,273332.0,49721.0,Cookstove; Lighting
United Kingdom,Somalia,1,269440.0,259852.0,Cookstove
European Union,Zambia,9,187306.0,153306.0,Cookstove; REDD+
Multiple (mixed),Namibia,1,184045.0,123478.0,Centralized Solar
China,Madagascar,1,162144.0,0.0,Cookstove
United States,Ghana,7,155431.0,152431.0,Afforestation + Reforestation; Cookstove; Ozone Depleting Substances; Unknown; Wetland
Multiple (mixed),Uganda,8,153654.0,111646.0,Afforestation + Reforestation; Hydropower; Manure Biodigester; Sustainable Agriculture; Wastewater Methane
Local/Unknown,Angola,2,133533.0,77888.0,Cookstove
Local/Unknown,Chad,4,131471.0,73333.0,Cookstove
Multiple (mixed),Togo,1,115520.0,30345.0,Centralized Solar
France,Malawi,1,100959.0,26074.0,Cookstove
European Union,DR Congo,4,75981.0,5752.0,Cookstove; Hydropower; Lighting
Local/Unknown,Namibia,3,73368.0,31539.0,Centralized Solar; Grassland Management; Lighting
Local/Unknown,Guinea,5,66779.0,11779.0,Clean Water; Cookstove; Unknown
European Union,Tanzania,9,66468.0,32843.0,Biomass; Clean Water; Compost; Hydropower; REDD+
United Kingdom,Burkina Faso,21,65152.0,1387.0,Centralized Solar; Clean Water
Multiple (mixed),Cote d'Ivoire,2,62487.0,0.0,Cookstove; REDD+
United Kingdom,Senegal,2,57721.0,0.0,Clean Water; Cookstove
European Union,Cameroon,3,51367.0,51182.0,Cookstove
European Union,South Africa,4,48547.0,39206.0,Afforestation + Reforestation; Energy Efficiency; Sustainable Agriculture
China,Senegal,1,43884.0,2100.0,Clean Water
United States,Rwanda,7,41576.0,0.0,Afforestation + Reforestation; Clean Water; Cookstove; Unknown
Local/Unknown,Niger,2,38769.0,34169.0,Afforestation + Reforestation
European Union,Sudan,2,38512.0,38492.0,Compost; Cookstove
Local/Unknown,Eritrea,1,25701.0,25574.0,Cookstove
European Union,Liberia,1,22906.0,13226.0,Biomass
Multiple (mixed),Angola,1,22224.0,15495.0,Cookstove
Switzerland,Tanzania,2,21540.0,21540.0,Clean Water
United States,Zambia,4,20231.0,0.0,Afforestation + Reforestation; Clean Water; Cookstove
Switzerland,Malawi,2,18210.0,18201.0,Brick Manufacturing
Local/Unknown,Comoros,4,17454.0,0.0,Centralized Solar; Cookstove; Energy Efficiency
Multiple (mixed),Ghana,2,12418.0,6480.0,Afforestation + Reforestation
China,Rwanda,1,11449.0,2827.0,Clean Water
United States,Angola,2,11058.0,0.0,Cookstove
United States,Malawi,9,10836.0,1320.0,Afforestation + Reforestation; Cookstove; Distributed Solar; Lighting; Sustainable Agriculture; Unknown
European Union,Mozambique,3,10826.0,8568.0,Afforestation + Reforestation; Cookstove; REDD+
European Union,Morocco,1,5510.0,288.0,Distributed Solar
Switzerland,Zambia,1,3481.0,3481.0,Hydropower
United Kingdom,Cameroon,2,2493.0,2493.0,Clean Water; Cookstove
European Union,Mali,1,689.0,0.0,Distributed Solar
Unknown,DR Congo,2,0.0,0.0,REDD+
Multiple (mixed),Kenya,6,0.0,0.0,Afforestation + Reforestation; Distributed Solar; Grassland Management; Sustainable Agriculture; Unknown
Multiple (mixed),Senegal,2,0.0,0.0,Afforestation + Reforestation; Wetland
Unknown,Kenya,1,0.0,0.0,Sustainable Agriculture
United States,Guinea,2,0.0,0.0,REDD+
Multiple (mixed),Sierra Leone,2,0.0,0.0,Afforestation + Reforestation; Wetland
United States,Cameroon,1,0.0,0.0,Afforestation + Reforestation
United Kingdom,Guinea,1,0.0,0.0,Afforestation + Reforestation
France,Togo,1,0.0,0.0,Afforestation + Reforestation
Australia,Tanzania,1,0.0,0.0,Afforestation + Reforestation
Multiple (mixed),Tanzania,3,0.0,0.0,Afforestation + Reforestation; REDD+; Renewable Energy
European Union,Togo,3,0.0,0.0,Afforestation + Reforestation; Centralized Solar; Clean Water
India,Ghana,1,0.0,0.0,Unknown
Netherlands,Morocco,1,0.0,0.0,Unknown
India,South Africa,5,0.0,0.0,Sustainable Agriculture; Unknown
Netherlands,Nigeria,1,0.0,0.0,Unknown
China,Gabon,1,0.0,0.0,REDD+
Netherlands,Tanzania,1,0.0,0.0,Afforestation + Reforestation
Multiple (mixed),Ethiopia,2,0.0,0.0,Afforestation + Reforestation; Unknown
Netherlands,Kenya,1,0.0,0.0,Unknown
United Kingdom,Lesotho,1,0.0,0.0,Unknown
European Union,Gabon,2,0.0,0.0,Unknown
Multiple (mixed),Egypt,2,0.0,0.0,Manure Biodigester; Unknown
Netherlands,South Africa,1,0.0,0.0,Unknown
United States,Ethiopia,3,0.0,0.0,Clean Water; Sustainable Agriculture
India,Kenya,3,0.0,0.0,Afforestation + Reforestation; Distributed Solar; Sustainable Agriculture
Multiple (mixed),Guinea,2,0.0,0.0,Afforestation + Reforestation; REDD+
Local/Unknown,Liberia,1,0.0,0.0,REDD+
United States,South Africa,5,0.0,0.0,Afforestation + Reforestation; Cookstove
Multiple (mixed),Nigeria,2,0.0,0.0,REDD+; Wetland
European Union,Djibouti,2,0.0,0.0,Wetland; Wind
United Kingdom,DR Congo,8,0.0,0.0,Afforestation + Reforestation; Cookstove; Energy Efficiency; REDD+
Multiple (mixed),Morocco,1,0.0,0.0,Afforestation + Reforestation
Multiple (mixed),Cameroon,2,0.0,0.0,Afforestation + Reforestation
Local/Unknown,Gabon,4,0.0,0.0,Afforestation + Reforestation; REDD+; Recycling; Unknown
United States,Botswana,1,0.0,0.0,Grassland Management
Multiple (mixed),Comoros,1,0.0,0.0,REDD+
United States,Senegal,3,0.0,0.0,REDD+; Wetland
France,Rwanda,3,0.0,0.0,Afforestation + Reforestation; Unknown
Local/Unknown,Botswana,2,0.0,0.0,REDD+; Unknown
United States,Liberia,1,0.0,0.0,Cookstove
United States,Cote d'Ivoire,1,0.0,0.0,Cookstove
United States,Togo,1,0.0,0.0,Cookstove
United States,Namibia,1,0.0,0.0,Cookstove
United States,Chad,1,0.0,0.0,Cookstove
United Kingdom,Angola,1,0.0,0.0,Centralized Solar
European Union,Senegal,1,0.0,0.0,Wetland
United Kingdom,Burundi,1,0.0,0.0,Cookstove
Multiple (mixed),Mali,2,0.0,0.0,Afforestation + Reforestation
Multiple (mixed),DR Congo,3,0.0,0.0,REDD+
United States,Madagascar,3,0.0,0.0,Cookstove; Unknown
Multiple (mixed),Gambia,1,0.0,0.0,REDD+
Local/Unknown,Gambia,1,0.0,0.0,Cookstove
United States,Sudan,1,0.0,0.0,Cookstove
European Union,Malawi,6,0.0,0.0,Brick Manufacturing; Cookstove
Australia,Uganda,1,0.0,0.0,Improved Forest Management
Local/Unknown,Tunisia,2,0.0,0.0,Centralized Solar; Renewable Energy
United Kingdom,Egypt,4,0.0,0.0,Centralized Solar; Unknown; Wind
France,Ghana,1,0.0,0.0,Unknown
United States,Nigeria,4,0.0,0.0,Clean Water; Unknown
France,Uganda,1,0.0,0.0,Unknown
United Kingdom,Tunisia,1,0.0,0.0,Renewable Energy
Australia,Zambia,2,0.0,0.0,Unknown
China,Uganda,1,0.0,0.0,Unknown
China,Tanzania,2,0.0,0.0,Clean Water; Unknown
Switzerland,Guinea,1,0.0,0.0,Afforestation + Reforestation
Local/Unknown,Cabo Verde,1,0.0,0.0,Centralized Solar
European Union,Burundi,1,0.0,0.0,Clean Water
European Union,Burkina Faso,1,0.0,0.0,Clean Water
United Kingdom,Central African Republic,3,0.0,0.0,Clean Water
Local/Unknown,Lesotho,2,0.0,0.0,Cookstove; Lighting
United States,Tanzania,1,0.0,0.0,Lighting
India,Ethiopia,1,0.0,0.0,Clean Water
France,Guinea,1,0.0,0.0,Cookstove
Switzerland,Cote d'Ivoire,1,0.0,0.0,Cookstove
France,Cameroon,1,0.0,0.0,Cookstove
United Kingdom,Botswana,1,0.0,0.0,Lighting
United States,Mozambique,2,0.0,0.0,Cookstove
Local/Unknown,Djibouti,1,0.0,0.0,Cookstove
Switzerland,Ghana,1,0.0,0.0,Cookstove
